height,tilt,health_condition,wind_speed,precipitation,risk_score
16.232524516199774,31.825738544102936,0,11.921145830345209,66.40454276997262,100.0
38.127143643576815,6.86425693114176,0,2.509916109667785,60.375896706184804,72.07820530823699
29.815769788833393,25.93297620750659,0,14.33701132133312,23.26356815242712,86.19567361889366
24.74902239948739,27.302177087228515,0,10.892612327218774,103.05801254017857,100.0
7.928708336812588,19.08588020860737,0,23.69922239072533,81.23289395962048,100.0
7.9277917727757,33.13999060311253,1,21.202273730844162,100.54900498221643,100.0
4.207177262391579,42.04651566460567,0,12.7607804869139,103.05171352193666,100.0
34.91469353944753,41.650583080804935,2,7.626239398924653,89.80270243988878,100.0
24.842370446241933,20.287771713185943,0,34.581258815445715,52.70527214996608,100.0
28.906757956249727,5.095712062833987,1,15.89005674186402,73.26561060185095,100.0
2.782210783240493,44.317853953305054,2,24.089598252308296,19.243848734369177,100.0
38.856574382155785,37.75041389006704,1,4.919353865242627,80.83745009698892,100.0
33.632820350416026,5.609820654147008,1,16.995639488078922,21.51039068871369,68.68656201971277
10.068886205774493,41.437884717781756,0,0.963785195431292,83.27395086121882,100.0
8.909348753869823,39.145336292795776,0,17.690929126865747,27.55177929047624,100.0
8.969371374430485,23.347712570673245,1,33.74060924911958,14.106156018026397,100.0
13.561205232462434,26.607394608521815,2,13.447234954503008,19.83413881715489,100.0
21.94074440202504,17.955121674155862,1,1.3648604401219055,0.23905622628843215,48.17894433234487
18.413910708400397,2.46427374699141,1,1.0834526821770236,86.24875414242364,90.9538074730554
13.066707327525593,15.08387587406554,1,13.579536598140432,87.88812588700549,100.0
25.25040999945042,36.12840518691051,1,5.600872776211792,61.792001989591135,100.0
7.3007667047775895,0.20844103520712864,0,0.8173233714865069,19.363536126646043,18.712046616775098
13.10149664433829,15.007462726101489,1,26.46747648825619,10.02652050128277,81.7162503586062
15.921750045160284,17.91759121159245,2,16.048305310866173,2.295475972474441,79.34776113194357
19.330659400247367,24.18280213220653,0,10.123567019042909,19.889781235826483,72.59761037500925
31.836686532934518,41.39350273857422,1,31.502911405576825,106.90266419797761,100.0
9.58760372201767,15.585569746468256,0,4.064863607018396,28.984421004201813,55.805672017339
21.540908659717243,15.612894085330247,1,33.457159013436176,42.51255926606588,100.0
24.511753616757613,33.18755616493868,0,10.988835108207349,12.641458137759983,83.62668041896883
3.7651156833599133,20.349807340041323,1,31.094128530803843,26.683356569780436,100.0
25.08670437225466,10.107217032299188,1,21.103000676781154,62.30694849362462,100.0
8.479916700117078,20.3597782259712,0,28.93475759095206,72.9303219714783,100.0
4.471960533440622,6.338565917090993,1,34.44046071236625,29.44227769994533,91.58611668673814
38.05765041562666,7.937414392780049,1,10.0941903236561,6.927859107014065,52.87901033871893
38.694017256833256,22.426549773276587,2,33.63974198926575,46.92394429528784,100.0
32.71909922842552,18.851645227704655,0,13.631866321584713,28.104404511160098,78.54735699842205
13.575323228588086,41.168065548064504,0,13.492916665792281,26.346470787576234,100.0
5.711540332242587,16.30772546024849,0,11.9135486489077,115.18353632561463,100.0
28.00085500746196,26.126475762511955,2,18.949266257165483,73.95605831108689,100.0
18.72579476210485,28.451892956378867,2,5.395076511247049,66.82541318065151,100.0
6.637452924101595,0.5892505464750136,1,19.379901987530392,49.893012422798634,79.71044662741383
20.816722584228266,29.85918174075198,2,18.95966843435014,51.47332001161731,100.0
3.306763802378299,8.011618509138815,1,26.66656344117045,64.9086004605697,100.0
36.55417527899372,43.24816428612548,1,29.177748667815493,83.57157684433287,100.0
11.833639300800643,6.689822748890083,0,15.415447260934842,84.25753154181953,100.0
27.175846805451314,18.658085567716068,1,10.581663727302281,20.603268924653946,78.88567659492466
13.845020891397617,3.8407350635389736,0,9.076721406098306,60.013530249195234,69.41699335179575
21.762584804756813,44.85934133306763,2,6.8118342846705175,49.43497140409224,100.0
22.774990615044626,22.598775464905916,1,2.017665376965871,104.4632359523261,100.0
9.024469309970026,26.79232577940197,1,11.985679259214967,75.77027054620517,100.0
38.84421585505323,3.0184414824792367,0,9.458669224577413,63.90048796991782,77.95722070361498
31.45504728772235,33.748221167963,0,33.82460850532426,13.847357061470085,100.0
37.70095977943919,9.445751689301359,0,19.519808918751536,72.67654671880938,100.0
36.003439316250656,40.41244302483212,0,12.154696366067764,14.06446868162801,100.0
24.720199194821234,9.231283821690322,0,20.31636603477936,40.46478906789025,79.7332110129352
37.03122093087844,8.580947429864995,2,4.871884547099342,17.141035777719825,67.03359965390861
5.362715077972941,1.6447350531642697,1,15.541531222077102,83.04883764292427,100.0
9.447348771927517,21.243012529949965,0,21.918201249737233,24.750253660338313,84.64452179383088
3.7186369786004465,25.41785099681774,0,17.111424112735797,47.023124782563116,100.0
14.362552569004045,2.9568887742758565,0,14.062258022901348,107.48097331425345,100.0
16.769737008200316,34.89874275127548,1,34.78469361148944,24.517966007876435,100.0
12.311263207408045,20.397997563661242,1,30.811016675212446,60.936607675053494,100.0
33.492025347773314,23.597562119741102,2,21.819208535580405,50.31259933992264,100.0
15.556626414356392,19.834323612220267,1,19.928207641379895,2.174884925487568,75.27065225732545
12.67551136812047,18.03433773938967,2,21.72311679386044,95.13097362873754,100.0
22.62245116001344,25.183814908869806,2,7.045923773785164,8.285508757751966,85.73782455631734
7.355120549040981,6.9858110668820625,0,13.829821014251152,56.91060251723443,76.52332717658558
32.48348526865351,8.1867658722872,2,1.3810836511814761,67.281395392674,100.0
4.8329244598312915,38.78035294560828,0,16.644111312038934,75.41117479375045,100.0
39.50170359081966,42.575195796013475,2,19.005860438518212,82.63579551694507,100.0
31.34530123327298,16.798919232588883,0,7.971240763612336,30.39268602272581,69.39135789133715
9.551195898298552,12.18351029145992,2,33.74100965079298,1.1974531990139248,90.70269054615252
2.209840450696891,28.97997944575571,2,31.83091138280347,86.81323948258944,100.0
32.9875342812837,18.39303769941434,2,25.275013240956707,64.27879192170943,100.0
28.86057906620945,1.1423860047155188,1,18.66853200678769,100.33412438486985,100.0
29.702272385557517,7.026866881478567,0,30.448920587668972,98.56660354808331,100.0
31.30827317406594,32.21875029813289,0,4.572832033821202,101.19914013454598,100.0
4.8136967658954335,29.651577385956813,0,27.667842799620974,58.211359197544816,100.0
15.62169768468236,1.219319662656757,0,4.3687284888396904,40.03540750042388,43.56400891725211
6.403024261954929,9.988747286982726,1,27.79737318922919,94.9869843109644,100.0
34.797930183272555,10.398365846463212,0,9.651864888797494,54.15529356351059,81.20852710640449
25.6853288194472,30.23517346194278,2,30.69817033563661,22.013063568412143,100.0
14.574124944400669,0.886974198946387,1,33.04147328388893,102.59688234737692,100.0
4.415217310868898,4.684886189305823,2,5.207858929179047,105.90718521268167,100.0
13.817328225195164,35.99622384179352,0,16.193646177288773,55.957170736820416,100.0
14.356966237016387,8.034509792445013,2,34.334558235693976,9.083967277174496,92.34655675530789
29.725034776846435,29.37357485333436,2,16.91926025906013,46.53913079003175,100.0
26.2271839114981,10.718225147102693,1,30.22416328800908,96.4245191355124,100.0
35.71408421790041,4.474862674170533,1,20.605603274596195,108.21288342554745,100.0
19.944167156154073,10.942748594975434,1,13.136546777186066,24.4167290997115,71.1053336311103
6.544581345655464,32.50201193350466,0,10.002424443405458,8.036833443032583,73.0719829608745
29.10330191447381,38.50634106478286,1,7.112808188013054,105.28205437594065,100.0
30.909831847442103,37.359893905514625,0,26.662936698219404,46.72859267746504,100.0
23.328533507640856,17.873258832830466,0,13.528917738805976,65.01131571210759,100.0
31.296752838273317,30.063831145679078,0,17.89464117702629,116.16789744609108,100.0
20.764232661846847,9.224293293711943,0,17.23139180004137,7.9877673497067425,48.740950655220004
21.863847516515776,13.191647861745597,0,20.204766023159593,77.79816089425147,100.0
18.246558697624884,40.33511183345039,0,30.29520009685933,8.89265070898405,100.0
2.9659268162756174,0.5850865579831216,2,34.32587702542003,45.05627141598004,100.0
6.09987422574557,3.8478838884510633,1,14.265447300083594,96.45774542321361,100.0
3.1943090560959018,9.35488148157123,2,28.963162273720606,52.01666793067613,100.0
26.183595628023657,1.193949174321887,0,26.75847281291512,119.66188246835405,100.0
13.945527280900414,8.164594579040878,0,20.073513300945063,67.08711419359226,96.3149917927929
21.325686264258707,26.236870243636147,1,33.46165002641766,38.539458316314416,100.0
36.487526009191534,18.964104776662406,0,7.016608043494098,26.413359108570376,69.71672688835636
11.473104707657248,40.17022699846387,0,3.8242473608367495,42.06246411433942,100.0
17.59455107535393,36.78496027822984,1,29.888668843439774,44.7039928511461,100.0
30.71094326463585,15.38178082640442,0,15.37024358218119,8.245641326875317,58.866414856741834
10.694330288681654,11.674054504408161,1,29.643909897247116,44.34890393121278,100.0
4.925236573494134,17.08615836752701,1,31.258157181839522,55.70862236870699,100.0
13.010555210723185,26.56327241316635,0,2.1860157766675004,86.72853026865656,100.0
8.126408915652167,12.062863837029433,0,30.921266704512124,78.80753816659296,100.0
37.32851078901778,28.08670085321103,1,15.691166937929776,85.05187862749851,100.0
32.70857442344784,18.42352434860582,1,17.865137115148126,1.0036418252228518,73.68237427350212
26.069342747396092,24.84212313833911,0,21.930737888262357,26.120087949664324,95.67076232266413
35.11550242713327,19.62569381108925,2,32.423391235553034,79.40211460798278,100.0
32.53953892216635,13.250959179386296,0,0.669063305041741,58.078724181569655,76.66918105936965
9.089662237669362,42.68039881329705,1,16.6895213911236,0.6376170802015135,100.0
35.91724194261916,34.36226073718924,2,24.070271485069625,96.53935709181869,100.0
22.49500519279473,6.305092909490365,0,25.294743519437997,92.7371487948405,100.0
32.68272589623437,39.081058915406075,0,24.238635103798778,65.81029955922752,100.0
36.051469397092745,21.934403921228114,0,4.705229529284265,7.975599093152654,56.60519128582984
14.084132048930828,40.25485021023411,0,10.478845593008844,91.98180594391016,100.0
6.181973132051716,35.99348651762919,0,12.555043389595472,70.04563052776368,100.0
10.661536176593785,19.134607701115506,1,28.155302268782673,93.8351972589551,100.0
18.23009596779774,1.011118874405283,0,9.756595534509355,90.20963908750085,91.02659965586074
33.08456110505474,12.090481172322573,1,7.374673735352111,96.36024863494046,100.0
34.70776216374105,24.373539659739013,2,33.510680666333364,62.16096796855498,100.0
2.2641809601852465,28.506519892176627,2,0.3102149789714115,16.8389421832218,84.0509102867692
21.408397497947497,11.604945844494102,1,34.92372994886924,80.53889680556264,100.0
17.861618119653603,6.2710233332770855,0,23.688745460008846,74.45685420623647,100.0
10.44009679788775,37.57186065596846,1,28.996425480719097,89.07038246389047,100.0
6.554883958679946,44.29809813165985,1,10.311678872116762,20.385720726088238,100.0
14.829376513337863,23.656058203620862,0,0.5010347183470992,23.397023988034707,60.92600157840684
37.83056874867573,7.725567863173658,0,25.825433149653552,106.84914206631942,100.0
14.2817114167887,12.253829693371603,2,29.19506089502365,89.9973358142485,100.0
21.71404362624791,0.827580444636003,0,25.91666461837317,108.98741864403875,100.0
28.71472043801676,41.143446295222454,0,4.999760055529351,91.04583853967048,100.0
15.81792489041317,5.298798730056351,0,26.369977278993918,71.65863671883622,100.0
38.92771914339651,25.94324139814141,0,26.912297373767434,78.49592844334484,100.0
38.57299720780023,12.33248493092427,2,23.04891804845192,106.6953508728012,100.0
11.567727241363837,24.938010113210705,1,26.814057647845516,69.45681054143286,100.0
20.895443223910647,29.31391747583389,1,29.607250388720626,75.88695891940648,100.0
13.433375773037247,37.33838116682407,0,21.476143998311045,18.77720592043207,100.0
12.823938786343769,9.288957229227144,0,3.101164988938767,56.870546413932324,67.59626788011563
3.401703999472246,0.4948122896316215,1,17.06697333835238,85.96765343497188,100.0
25.16344469123608,6.159853353096327,0,2.717726713506177,32.51312379796385,45.690170303692256
21.101802882696738,40.50083888316473,0,14.26400608613508,24.27050166294419,100.0
3.9561925474995956,39.32505349031319,1,14.248727119396968,37.65921698692986,100.0
12.588565640991234,26.883589597663875,0,2.3103445449084554,28.980075359140013,72.34839296220301
36.514103666732844,27.023258719514402,1,12.208718688931777,25.7895164443675,100.0
11.103351845344951,29.926650354581497,0,3.884933457696019,50.982101144170436,96.49457293900781
7.5060051394664775,7.891707538055232,0,28.288232350322776,108.94062166602409,100.0
20.599204890547394,41.14853756662319,0,33.16908090875648,60.84715760864619,100.0
39.45471725620283,18.84467362014329,2,2.531076634027851,22.550445697838764,85.34591328878719
11.198100317437016,17.241233771227385,2,33.42903225520955,9.236600325704888,100.0
27.541150801423385,23.35129673772769,2,18.29018097678608,83.53873741655103,100.0
30.941545382491267,2.113468504877477,1,10.484798728385586,45.93585173236654,73.49585568622126
11.030226671711187,7.482751594023574,0,2.690172634665723,98.61971359024311,97.12295451562545
29.672221247250665,33.21151273918667,1,17.521849382464623,79.14129223689243,100.0
15.975759043331623,3.725940056630691,1,27.808044057176204,95.54897406496423,100.0
26.02762156255602,27.14184492598747,2,24.748026704334436,32.63352473021385,100.0
26.074129008914,11.040709935659443,0,1.7579104012390818,83.08307069532698,92.935408227156
22.35943799484082,17.518302631888943,1,2.551564237876623,31.687438163246252,74.28612774956913
5.431011262067516,12.991218154681494,0,14.100564892142298,112.68821753403499,100.0
33.74149483239104,16.00527224092271,0,10.335167291678015,76.36491378400493,100.0
14.189642468925962,32.357065733291044,1,8.133451306961675,38.94141602104105,100.0
9.08770339519446,13.370477203042876,1,9.835157461804975,32.341423475072716,74.32353285407186
3.549455379081029,25.488208813360373,0,28.121896015390963,22.91119020859722,96.55591493303288
24.45393184115319,21.422268098959485,0,32.52298187711489,83.35691506724733,100.0
27.747445750006733,29.865202441319166,1,14.178594308464824,26.245873559751274,100.0
2.630337499258534,42.15733826961411,1,31.713885074637396,71.43639191129868,100.0
21.459536215372676,32.965744374461266,2,11.25234954367587,31.756203231042882,100.0
10.606839457521643,9.672317036584055,2,16.675294522032708,79.43627337526424,100.0
26.516566035559094,1.4032410777578104,1,7.91101492355999,97.7927674248647,100.0
8.625924302189674,11.80188199349213,0,22.416661476154538,93.36302917735838,100.0
28.255634047893707,26.77850688151147,1,34.26433903111831,91.3021597116938,100.0
16.695943159420423,2.3141616067912656,0,21.122258361518252,22.526688683070248,53.356931177151054
37.595739571995914,22.336481124055634,0,12.52349294397421,10.606193638142244,69.90280042916827
7.2257958775477436,26.857928201260016,2,22.673610609668494,83.87385941848628,100.0
14.960521339909823,15.040975086763236,0,4.302223746288565,44.20166565532216,68.7599138682315
6.311993807142384,34.69104916856199,2,31.10306780928895,51.881547168401674,100.0
37.138357494585385,4.7969213910197315,1,17.607938277294274,3.7378911352069277,54.840296267926014
35.33889542847728,3.3812001781113943,1,15.727240971387472,31.149173913005903,71.60939653530599
11.801781853175914,32.76849402916215,1,20.50526759587317,4.041168464935683,97.26981855653709
27.079393749298802,22.29710922927893,2,21.867435197629085,105.50229271214971,100.0
33.054443607646206,30.97810783924812,1,2.512153217927956,29.207601986223658,96.46046421699381
23.09763084077957,19.56723023716858,1,23.891602742819085,66.88046034876096,100.0
22.126721977528245,11.088091495759807,0,8.467608811043535,4.6775184793356495,38.02253312542287
11.190387054217164,36.85960429533899,1,24.988342137730644,80.02168695667896,100.0
5.53790517662417,35.97371455360407,0,28.788717803446886,38.763281490491266,100.0
36.094198802226416,31.261341188449205,1,28.13854776433821,107.7503024349199,100.0
36.21588617220656,12.246531175348322,1,19.33753385927612,106.5741826720843,100.0
26.057855376384182,26.56038000910892,1,18.20594623087629,39.034874203409736,100.0
14.883132059850626,16.243825362301205,0,5.00065864687941,108.11530748285615,100.0
15.269963835281114,4.121193299698537,0,27.137115264109745,119.53892081985346,100.0
29.586315797069098,41.279110895800926,1,9.499328315635003,99.04987969487377,100.0
36.09018987819793,6.156838391353263,0,17.38433979862813,101.38456173062748,100.0
35.70928412207446,42.76068092193611,0,9.949593252463085,29.88104833309079,100.0
31.635270742589707,20.070259783108007,0,4.68399270498926,69.20428786293076,100.0
26.397202553862936,8.330981797737884,2,22.03451939121078,8.070709676084142,79.03031446428767
5.197318669811856,24.385542632026116,1,1.9016212188016341,11.390152418600366,63.90042739801717
8.141891135595323,39.282562614438376,0,26.202583194417,119.86711344399487,100.0
36.145059164029014,32.95011988843025,0,11.115537834139083,39.19670993110931,100.0
25.04430426706442,36.295251653765234,0,0.004714255156986202,89.78206944586157,100.0
2.349487961431927,29.64525150198228,1,17.889519873303044,96.79980636321798,100.0
5.85591862890922,31.15244540330336,1,1.6398167984661094,102.96279252086751,100.0
27.21306722610612,38.213804320439365,0,9.665934523731481,119.71539568825878,100.0
2.19234018615631,11.235060398663368,0,24.744177060950065,28.979578230824142,73.87527444829487
8.110705953864949,22.02412336394132,0,2.1941367567653054,4.842099223163965,43.992331033098424
22.851883995930272,9.954424881882101,1,29.376847232460083,49.34298215935031,100.0
28.292017512322342,44.445060359849116,1,0.13369729305040878,15.609680379473634,100.0
26.77452786109882,42.4826702858976,0,8.63883542206658,2.691106699446615,88.04927583095471
10.522233759501272,1.7742065115827654,0,25.931641965322502,43.25121925697833,73.78139881890966
29.062810411206364,31.75088276320598,0,11.069455240525738,94.04859012902837,100.0
11.015465324878402,41.63617428370496,2,3.5662335823104736,67.9416829470085,100.0
14.365188530052173,8.12589053073001,0,12.608187158014976,37.533358705242485,63.01005225129451
30.366673394484916,25.557535374868326,1,9.463765023458393,78.52104065912637,100.0
26.686050163794157,41.19697339146188,1,29.49491657561942,27.842181637057287,100.0
34.27048959877876,1.5275690363609478,0,10.967177115480009,1.725773528650203,26.64968193091638
26.98928990741305,31.383912026107797,0,27.612636512160254,91.72240637237128,100.0
23.595726926747922,13.380705331764785,0,31.215525068375715,74.8491701836811,100.0
5.559641177467514,41.59782879194387,1,15.183609685178533,91.4763149401152,100.0
15.973200516258474,43.697621032441546,1,31.84801003490372,4.672562002519873,100.0
12.077689971905567,42.491992010104525,1,13.206131888711749,100.45435533967826,100.0
11.271606448405176,21.33963974958587,1,33.742744577153786,74.3431440043564,100.0
38.97440108059293,38.791919294519104,0,3.1251333583950522,67.60744208551682,100.0
16.937713537336897,38.00472293407817,2,24.045674327613497,74.95368577374379,100.0
35.89776909673031,14.359521295946504,1,17.283491415992504,103.73198962420369,100.0
25.98326778789599,37.30119633678048,0,13.567708190947647,70.43238078706885,100.0
32.20282953458264,1.665343562197168,2,22.144915756201033,69.71404558658152,100.0
21.1002095379973,26.832144531692386,1,24.63499820720159,118.88149884789189,100.0
23.922347615801645,10.350397677946637,1,0.15271443776081806,90.80762004822816,100.0
20.715672365116827,5.425509859977547,1,5.843358106151955,53.07525665413623,75.91630472854982
9.419233536325692,3.462894073314412,2,24.956611772201153,84.88764000395133,100.0
29.4531803799372,31.332994914516288,1,23.323489475237228,46.70765660301462,100.0
12.66934977275252,15.294373369562976,0,33.811662679503705,27.46505549801988,93.56554071625962
2.924006724395246,32.614504718794265,0,26.636322658777406,71.62222522653113,100.0
26.527947244472376,2.9410353359524066,2,33.27704477059683,111.38185177367417,100.0
8.73020581746786,14.188065202377466,0,24.588917553718243,111.49674240185553,100.0
37.73742620541074,24.277108156890176,0,10.43182730238051,41.02863337265884,94.66201179359871
38.249285926098324,35.58254241775336,0,3.6877722787799767,63.3212959466034,100.0
36.764846828377046,14.343862631943146,0,27.363835217072747,25.396307828383343,88.03142396310454
16.066030609706885,28.165111939665408,1,22.545222751657057,119.47573313986601,100.0
2.5873514280969623,39.86899867062842,2,1.686510433765368,117.73414894415228,100.0
37.27610537833356,27.713843468203706,0,12.601766306534241,77.94107156489368,100.0
18.270997636057945,10.48317636391352,0,33.48799354195002,96.5296871612968,100.0
38.73288312365944,1.098035170044211,0,17.51404009985704,85.812019354044,100.0
38.61755912939161,39.15444932554185,2,15.145519760689663,71.17898628473618,100.0
34.41435930775968,0.9571234882674212,1,16.01948618057529,6.401759638667723,48.081727153849855
13.189057898644256,39.361575270788975,0,7.31089534018073,54.57172110631933,100.0
16.633713686873158,23.80217103122454,2,12.904750980267833,80.97435626008927,100.0
34.343193517640564,42.25804643308033,2,12.943463959551181,81.30379366604215,100.0
14.043036195938551,35.94524560981494,2,1.832425706561534,44.77471421068603,100.0
8.440724374071515,44.90703497400018,2,26.86486699812714,113.00303839896367,100.0
23.158447973417307,15.782031695326957,0,14.577655116635764,20.08284386841372,66.05808945223492
37.57388141810968,34.52347300190071,1,28.776296038574817,60.04313354586727,100.0
28.449132273648974,18.0868911124159,1,29.762180039196338,82.90607718609874,100.0
23.66232446339587,21.594402913675896,2,7.419791914453032,83.6562967070171,100.0
5.6927067632892046,28.237745844826655,1,23.0073718759545,77.83667481225787,100.0
25.37027461456845,39.315470138385244,1,16.52986314570436,33.03458561422322,100.0
39.622046303962,44.28375611396828,1,30.805485827251978,18.744788242394637,100.0
7.323192578987913,34.572303623903316,0,7.550923771175894,76.3128392192053,100.0
21.696526789821995,18.79950519753002,1,23.72346201085155,71.91625393673253,100.0
35.340176733262304,18.961065102468158,2,21.27132427884529,21.522721234708918,100.0
30.149207474659768,33.19120357150012,2,10.335551715014148,84.6166974684676,100.0
28.486598157820183,10.744971559573605,0,4.781031627791041,54.62063900803877,74.22545635733219
28.694395191510154,4.97133509091276,0,22.80739161670468,80.13127099237835,100.0
15.660663746350696,15.957997093834944,0,25.850911034631572,100.48404957241809,100.0
13.156490082050748,12.925754624433678,1,11.04695703171725,20.367411429230778,66.62530320422363
32.75572390818352,13.333865420519555,2,22.56914114078098,2.2973841596204014,84.70090646058875
32.784308997808864,10.512348797245947,0,13.829581766402615,93.49231036749441,100.0
34.94874810604394,1.8941935336362847,1,24.96224091489162,73.16369101831391,100.0
36.70314099714591,0.8043270630036214,2,6.972534621291858,83.95674835465461,100.0
21.431011156715638,44.44750753812142,1,31.157525092266102,100.57859699863711,100.0
21.057619198113585,19.249791018113804,1,10.059335876295291,96.33731217894007,100.0
32.335216800737456,17.294699122185676,1,12.87250957146535,115.31041763145896,100.0
26.698629369555075,30.584127721188143,1,2.0332183228122425,64.31220946225419,100.0
28.674741335792728,9.821424953927888,0,3.902927431244674,58.619475919188645,74.85235165620179
32.24012143857184,42.74825327776014,1,18.055166594931485,48.22646398688761,100.0
35.82020298906752,35.38552564869984,1,9.365743685479002,18.442925141304546,100.0
14.843815960358361,4.023495104051678,2,29.241807900976802,68.71286794584269,100.0
16.272152200317873,18.791134910321777,1,0.5142686029233845,33.24150291911745,73.39560542568867
5.571313713953022,39.560323840297414,1,13.268291703517766,110.55690146555706,100.0
23.974645357854612,42.51294100311346,0,11.807094136918243,69.9828965132517,100.0
3.3658064042761993,21.033068006244136,1,0.6764670821160362,71.14082166097322,100.0
19.692724689033486,27.603512514481846,0,4.3528939650178575,42.5909593052412,88.82033079414552
22.62049611888791,7.516527574143385,0,14.477493622152235,6.2387222373248985,41.49328764700922
12.888567580874808,44.60258817616394,1,17.250260455660634,3.8092518447586343,100.0
24.45166390162241,10.425226562254952,2,14.15014115392042,50.8002172983837,100.0
3.1590094976838783,42.422929836080655,0,18.582818744423285,10.147845371668542,100.0
3.419231172470148,29.23409920465658,0,20.829608621698853,72.8216346648167,100.0
33.258821305067016,27.34815576954866,2,0.34733373947424706,105.7167606767589,100.0
15.68724437362799,23.070982995742888,0,16.243330580872637,105.94977798224666,100.0
6.828299480771622,10.380141527299141,1,33.72247343106559,79.08544921586788,100.0
21.845243882082567,7.943761440247872,1,18.166129804534204,25.34781977675172,74.06555384221308
31.25975501774721,9.92187940815789,1,23.713979361063362,103.55961976306465,100.0
10.20119904488004,8.389721796491454,0,10.915235027090912,106.33121223758498,100.0
25.66983808112201,35.081301310503896,0,27.089698235346688,23.598430194355046,100.0
5.243203669763184,15.755636662502855,1,27.05225186566403,88.49113029248127,100.0
3.9639054044070923,2.6029204453528365,1,18.245361667894862,34.382345871254756,68.38049592893344
22.191475999589624,43.60961835633651,0,34.160483814772476,96.31683748235156,100.0
22.544134621184046,39.77036482335416,1,4.394257516692869,119.66854798843232,100.0
26.22233625693185,41.74885274378458,0,0.5931682711353348,3.6031206395271376,77.00736371838593
29.59147068146114,44.77085201908959,1,26.95553741149836,107.68390389491184,100.0
39.082379019576315,7.825286214876928,0,28.25044380777089,74.71566403183897,100.0
21.61941323544542,17.830890850619642,2,4.207253019220168,116.80591429977854,100.0
14.272345971767347,34.12073140668411,0,9.295399153551212,55.801142103171316,100.0
32.217075401210735,31.32092781242065,0,0.6143327178320118,101.68655166856485,100.0
12.29162554795882,6.925315785293478,0,10.265801377319764,7.487288231793268,33.48878401940958
18.680913986814172,36.712490624577796,0,27.059965587153503,40.233486009395484,100.0
4.981342491006107,10.09982573264973,2,18.128618469940264,8.041984530145196,71.4058484300296
2.963328249787385,10.07179266701804,2,12.183345760890083,117.04117601748847,100.0
38.580639757761155,24.16384903020361,0,13.01087532172156,98.0368688726204,100.0
33.76724457946382,26.682297067876643,0,0.047376900041385395,102.30569054951646,100.0
28.447019831560524,26.103879352701505,1,10.493018464783257,112.5558277720673,100.0
17.540211887742256,4.116907682898969,2,22.626055957327566,10.212418334374242,72.55591267659914
8.58518416269214,39.48573881836712,1,34.0968055335725,46.271711101600005,100.0
7.9446076215012695,11.952001916491772,0,29.64712894443648,8.524186685280256,66.46997194775378
11.509230130254622,5.828171457726188,0,0.8258237625935194,25.295172186003434,33.51209050509988
22.870613258832577,39.99366359410397,1,31.449621163619376,27.523893244520682,100.0
29.15464506260237,43.0043174203389,0,27.411944465451906,56.29286532570944,100.0
27.08750031527379,38.795742776945275,1,27.313164324984314,32.22746009443711,100.0
12.637488083945827,36.42822336261951,0,16.029851565125,12.117372818131331,91.97723469034526
38.28488066520138,29.48588912875598,1,13.930185253407599,20.098930691292924,100.0
30.040082834439204,24.78858167741127,0,10.602050509161742,17.673067626250912,75.09287115537883
23.065453995433227,3.9144041960134563,1,2.299320063402802,116.76921574947579,100.0
25.245388356905384,18.380394588181442,1,7.988237722279469,91.11510083021683,100.0
17.944802372256017,16.77098326555413,1,8.631127224230863,116.13137583234743,100.0
11.413777601043984,11.688920269214679,0,16.942697439857056,52.76885838094903,85.79631020757787
15.52696178874794,32.553905115986325,1,26.16055423088429,33.40421779951879,100.0
30.798152197646026,22.314408078544687,1,16.583343993928132,95.7951836651024,100.0
2.546952567930723,3.647079715844157,1,2.024555730650621,39.150470164937616,52.424364269129235
6.410760339262817,9.90824408774151,1,33.522643034587134,35.926004844641795,100.0
3.7481003968266045,30.746644364681817,1,32.99535116829393,27.900719064939743,100.0
3.5476944881208654,3.4258886770635084,2,27.481634010194295,15.561477386908242,78.54365162811101
34.50750219241827,38.30431113219459,0,34.69647655474772,30.775567322011916,100.0
28.7389986564409,22.281593715628844,2,19.056881648009202,42.63836981686652,100.0
20.01860550531836,21.62639597969916,1,33.69689225886221,80.87930497748765,100.0
5.717698104738056,26.65835030967829,0,2.646176421586277,7.507781066334189,53.52903922279929
20.68140325443963,37.110643466631714,0,12.798826189147995,25.260832759841154,100.0
19.991927289661497,15.651414355598687,0,7.888344380236804,97.08283683500116,100.0
8.581671056580577,30.51072686515786,1,6.854157944699451,17.630630830052493,85.977490740549
18.486362671042976,25.4579383798106,1,4.928103211243663,41.117417582702586,96.65476031623653
17.14317990710019,12.016272157623959,1,21.78447745480988,103.75907062297681,100.0
25.402303725984225,39.53834938598211,1,27.34626495115568,18.59103733721312,100.0
26.133558732970464,35.884170972311765,0,20.240443979712623,9.928420274182788,98.20337663191408
3.7215523713376917,29.630332559629146,0,5.143694835587339,58.1445594096013,100.0
16.235279355805908,38.276177809240885,0,28.389331947671483,36.29034135342437,100.0
25.782676797140983,39.02823904319111,0,22.2584147507305,67.6090037380625,100.0
21.119177826043334,31.876333952176566,0,13.585799714444843,96.45658685801702,100.0
34.54661396515625,37.66559977636524,0,23.594560343762204,16.45781857832918,100.0
27.03035800151991,31.386215775117766,1,9.096674273499149,69.6838901465142,100.0
8.191508229094328,30.60633472921352,1,12.081727297297368,60.66105124678367,100.0
4.681612401216334,27.837512019683295,2,32.11200450961966,17.289454321583946,100.0
26.411932571839994,33.872248780093855,2,10.167657698499713,74.87981826347789,100.0
3.0074298005816287,7.137229738188316,1,16.44958938552778,32.836850143292594,71.8253713470669
24.259472088391604,39.63918416395178,0,31.15493980886051,58.540118225281496,100.0
37.72874917414839,39.23295874853544,1,24.77024725936346,9.872678913247427,100.0
23.8680187592834,1.3161277365551616,1,2.1771129157645963,55.15008686563477,67.02312535131091
16.750457195847833,37.16175377541432,0,5.155606549763962,36.77561616513844,99.76920178642877
26.44495230080942,5.799144036305034,0,0.2744556770170886,98.68574534224253,95.19525718720665
19.413609838677633,15.080348441661386,2,22.082262658020717,6.837447239684193,87.1588592135019
22.733437994005527,33.45787153312235,0,15.668569889364642,50.232872990199596,100.0
37.77566273350796,7.2341953221738695,1,4.699619781579644,55.01177089577256,83.13755063152676
16.671900236429423,36.8085160853578,1,33.52769423698697,87.00072915589425,100.0
38.52524142530874,37.446038008098384,0,18.538090338096698,68.91450901082533,100.0
36.403324394330426,22.83604801923763,0,8.466265293951121,80.06548046330172,100.0
9.440063121993266,0.2873642272575111,0,17.521124990414766,93.24591427821073,100.0
4.635729433256287,12.916715992871076,0,23.786711645728772,103.46435683898265,100.0
5.829564052342213,27.7617113269084,0,2.6683726290747565,37.66505960669646,79.47706123929335
2.6924293747588894,44.153378011234054,2,9.614633526676219,64.56272464366836,100.0
5.588832508725279,28.431608715750077,0,28.243792180939778,100.81296941270398,100.0
27.95425738982156,11.691161147887192,1,16.088270464093142,118.73413571580677,100.0
4.705168641488702,28.53025663948251,0,19.13019997113032,106.74231732525158,100.0
14.121073951162929,24.299342087213496,2,15.148560077331425,44.57607151492522,100.0
34.105261816839274,35.093042781801465,0,1.5364979925051792,23.41998206623805,85.40861694833934
2.8843335579613827,4.814128747213128,0,5.8012422937054575,58.727104488790644,62.946987957880964
32.949802338379556,34.24625561259126,2,15.593957355966182,88.99697422032507,100.0
12.710481441389197,24.356996040424963,2,7.321491289277474,59.10828849039571,100.0
6.490263449622938,43.33464017365476,0,1.749266003088756,57.98170359764022,100.0
28.476012283837726,15.384247471740874,2,29.527738241813832,100.58765052981607,100.0
25.89982817763559,28.467985191027665,1,34.34173852074405,43.368453488062364,100.0
35.34393651402801,41.94126474795078,1,27.76000058988588,103.17536097739747,100.0
29.93269966454766,4.612937759580566,0,29.882472259663345,48.816576114206825,92.76435016039363
32.53227535462425,42.1752819256403,0,8.469199561096588,39.387972681400726,100.0
12.717313757709647,30.9548575035366,1,33.62194414296199,54.47878934396388,100.0
8.742702663629467,3.0526676597327356,1,6.892399655869993,91.49363504098422,100.0
30.523360562352618,13.543360512606732,0,33.30004336266413,15.120243343679313,84.68646800716574
32.659720092156036,31.86774398903767,1,34.818675288808286,23.570305904642087,100.0
39.639195396025585,3.0307770660947266,1,24.910298201111704,114.17337907957103,100.0
17.679471722634204,26.197670707932296,0,34.34003061271377,21.058995285762883,100.0
16.13668726012576,15.564737562883053,1,19.93389228484863,68.12727815172654,100.0
31.50369250819588,27.94119829953647,0,9.083962411163162,69.51773599943255,100.0
14.950534529614679,2.0583915215630784,1,15.29485599829673,58.75493544602938,85.91832122151385
37.36877837293546,39.219156276856936,1,20.77463273825751,77.36942982921823,100.0
34.61968457003445,43.80700361298286,2,2.5578546709455248,27.57920709571421,100.0
18.301773040250698,43.59950348785612,0,21.782014261603614,66.31947213320979,100.0
30.5331005760769,33.734332428431614,0,34.34122428668031,44.660790629627655,100.0
30.672629215217928,5.853880805878439,0,6.653767742430467,79.40007115550269,89.20432158277174
5.918707015765439,34.12184381680601,0,27.740829070093415,16.946825204777937,100.0
36.29701045382353,1.106411240646068,0,31.776457782286677,68.50529002073715,100.0
21.199590153018573,0.9955598188048764,2,33.02955574870773,22.232442645998844,91.61716983846158
33.40538371209418,14.562459861729357,0,33.60474615419065,33.437167573804366,100.0
14.161884839163246,21.988943568209958,0,18.251087355251517,26.24517603882999,83.44533531181771
36.029882682855614,34.66833380135069,1,34.20577677970263,21.940533584258052,100.0
16.7896637918982,30.748291947292735,0,26.50585724970536,99.08531418728003,100.0
2.4118307562513377,20.065621786953674,1,5.6585002682936665,34.28490811930684,79.49192939241595
36.40451510393202,12.313199982674965,0,16.69150372637895,111.25485382373392,100.0
5.468893717873075,44.870602507097004,1,25.14159113802014,116.3911830414229,100.0
14.133918228435764,19.178158600618783,0,8.656911053667917,68.55125639245168,100.0
38.10235474793059,20.312416094835395,0,22.421531424211057,17.160134719887168,84.90155306610339
38.12307158362713,7.363071953625113,2,23.331016766631674,44.94578920554975,100.0
23.79063974868487,35.76642969374682,0,5.694491033299806,95.72787160178568,100.0
26.00981406245237,31.21570016016699,1,19.77798593584647,44.08688744364846,100.0
19.04092983517615,9.934632575494218,0,27.00694188425127,10.44206619633465,64.11832198617915
13.142009324526452,3.707147052712921,0,17.461348258757965,66.81418931138255,85.36804180096368
14.489252724056806,30.62246859336209,2,0.4236090871637599,101.41450217952418,100.0
27.55570133092746,29.453004642651084,0,0.3163464177752262,95.51116645722028,100.0
30.59023211863184,12.29667871491942,1,12.496027038950427,21.01477681564239,72.3789005766785
32.08000366158224,42.788860301268464,2,32.41679239511237,80.731753729496,100.0
32.00548942619305,6.797605130140511,1,8.003687286126308,26.460511612277653,62.450743326559405
5.465831915850234,19.455066046917086,2,22.20272911050905,26.184904146260667,100.0
20.787971578698095,42.46271640754195,0,7.77265547426622,104.88861279662221,100.0
4.187232880632482,18.887729261675503,0,11.258449638084201,29.96027432882762,69.87137903141048
22.88209752830195,28.733667644883848,0,29.681473136051938,31.58968158216134,100.0
18.778159052188325,17.891747908325744,1,25.51015047944814,0.07840689135594658,78.54725755273562
35.732758944815394,12.339684105690152,2,3.338974705962372,104.48028409506212,100.0
15.33477047697899,44.27899415819227,0,15.004570734525176,95.11137758509616,100.0
6.448546624249023,18.420030284176935,1,1.0209417275842565,75.27947221088137,100.0
7.4336839180077625,40.23446416556105,0,16.831155131105316,90.03189167266108,100.0
30.937404005263947,10.347957265098879,1,23.185190409537384,18.245828090939014,81.02849263062399
25.49228640601792,9.58971168112875,1,4.147591825935304,54.99883135050905,83.10754474543361
5.842661692666029,1.4010337298030113,2,10.110972861820798,42.146326481853706,74.56364529670134
5.196058632369903,29.325007141914828,1,13.924281892575493,11.253183150841979,87.32313906617793
28.636826995446558,16.58368546756925,0,32.18358586296174,58.33565822579089,100.0
4.764994241839354,38.896121242783664,0,34.76392553980374,110.48875804111624,100.0
33.230682253033535,21.294445801120073,0,1.571895464846555,4.807094286083338,48.26792337821769
28.837204631946857,43.568704256162476,0,26.63527732233872,34.97530961925526,100.0
5.091253664392191,8.348648206640451,0,13.010342324082012,24.904912344684416,51.468025443776924
5.223833135237292,39.088042558002485,2,13.736036518031801,28.57759843988356,100.0
39.492303983044664,34.94685837562838,1,26.399274067145793,109.01214622552503,100.0
16.222290238732572,34.69148300898234,1,32.1449251250893,56.16828650811482,100.0
16.084401588541855,38.01524526525994,0,33.282500807589194,55.95592955277826,100.0
32.8863835557851,34.24607959243495,2,20.19929051134123,91.26907709463387,100.0
37.99544594058663,28.179914473413692,1,12.499240575517598,18.539064480591097,97.66698897525433
39.468040425269095,5.906019495707441,0,27.564218005057274,58.4718424920061,100.0
30.62837103983978,1.4636780771063362,1,8.785048414180508,51.598225694527166,74.69812117738648
16.297864250174797,41.43815315170591,1,19.742591009173122,71.62928286559874,100.0
5.173027234549413,27.749264153433213,0,12.55024615337056,119.94692439005263,100.0
31.531582805242596,35.84417809392794,1,22.982087579775662,92.33386728984566,100.0
23.21936148996059,21.66850581806475,1,8.413961951272741,47.743884362091265,100.0
18.1204363513851,5.278868503307751,0,6.705753100718902,99.30636627288564,100.0
36.441466633599966,5.63336064911477,2,32.1383680336403,20.485003597497624,100.0
6.225504327633751,30.850437925303712,2,3.5631289032337916,3.655642357075215,82.47365822225848
20.719753963052646,19.36376527047582,1,17.708526770722607,24.533804695712767,90.81009148203408
2.4314385011619244,9.023612701515152,1,7.729847403705312,40.84938673371116,69.77395095950055
19.8091043957768,22.12175460336466,0,1.3625487163983607,61.269690895147185,91.13414951176327
4.13952447590982,2.889402168381034,1,1.2606586401999236,73.81549686494398,78.3491783126022
6.515080818186733,26.188713086147946,1,6.1327620237039575,109.27268606573061,100.0
6.465997377529986,12.104703199579395,0,30.336962407710008,61.18248114605492,100.0
26.669991480410417,35.890159528673465,1,9.886756039195934,60.153077355087525,100.0
30.349705412086085,13.96628815156082,2,33.26607097013535,6.029161178757856,100.0
24.168013073692066,20.484906708681052,1,20.356780254621775,4.189386318746857,80.6331773883185
38.56255684203259,0.5229242958645286,0,15.281496641906813,66.13919542996464,83.25462006234197
16.245082021900757,3.2601099507551496,1,20.30310921343091,52.58143358980134,89.7366352759847
12.857059278710707,17.662210038300817,0,18.084443482919372,100.70164739763584,100.0
35.00676687119949,21.597247562270557,0,26.55716888150638,19.28155016542142,93.25684749572821
10.4966418637392,27.000924665368668,0,9.887362309049829,2.9965994540459517,61.076490495526215
38.60245649874323,13.124816041918645,0,12.356763706010584,53.88465215161511,89.82183433086149
2.461870038213021,31.274184875694413,1,31.293300588663776,28.4974268102709,100.0
38.85539541489028,38.70550787351421,1,33.125977960264194,5.953724800660494,100.0
3.6400766541218923,35.09329450020074,0,31.239537962026606,86.95179442171548,100.0
35.863438320526704,1.7828471406760715,2,14.680679788505975,13.391159994869696,65.61622672616691
22.052642145279396,21.622812626602304,2,27.31279260524086,72.9983400009326,100.0
39.732662252533416,4.721858028817869,2,16.671750665538458,33.7259700200267,90.1421902904633
4.804269459945157,10.892025713813736,0,17.413894825113577,20.819526042602643,57.921992613818034
23.04646280725019,44.39981669702159,1,7.163803817004938,45.5701827503181,100.0
38.83349635352576,6.412299430568095,2,20.689560614048077,96.17349314675444,100.0
21.877718078465655,22.449966905311022,1,6.514756421367178,47.05122922854872,99.49954329873036
25.917148249139977,27.817008044315358,0,11.604764467351782,90.09235790532668,100.0
28.43845018141545,31.610923674484678,0,29.92605705669773,15.058355615898083,100.0
19.27256046117538,25.184190756911136,1,7.247653322379933,92.7325703598095,100.0
25.84720704319441,0.43968813386326466,2,2.4905399810701483,28.431998988797837,57.14860394140929
24.20394385307781,14.690758870979636,1,2.4152657414485708,81.28717558666473,100.0
36.24400439865758,23.297023952312014,1,32.92745821760877,67.89378658091957,100.0
3.726962452975399,3.953992461517501,0,17.742215328664212,111.49736606540247,100.0
12.676601204504752,15.778211904413133,1,14.329422513595642,46.47870215703768,96.22550034149168
38.11563639490923,1.4941398956114953,2,28.380750335277146,7.939822660132854,79.16636649567228
35.83002378785482,3.5360323719759332,0,29.25390747686806,2.2986582661503485,54.48416407497396
19.31495660585709,17.861547429071823,1,11.62668615904616,99.22302731673038,100.0
25.565038716458396,5.972208931937716,2,24.276632011582834,62.96827651937186,100.0
12.540484953283041,25.539338171770115,0,26.98929855481603,93.02928622019391,100.0
9.14860406950293,31.025923611176957,1,22.912774040308406,28.131072001381764,100.0
19.620539387719322,36.026401459908726,0,5.3058276180034785,41.410049461588045,100.0
15.427384664990008,9.006760991016455,1,30.655907923096997,3.6124646653582726,73.01031578418653
24.17893225033314,7.536716201658139,1,18.868309345760306,115.37907894889346,100.0
4.953916204669424,4.705552815048011,1,9.88653492295013,80.14414880409761,97.73517799835744
39.02700269131433,28.639361229463653,1,14.882986490319286,111.98461053111674,100.0
39.47600829022491,31.791407691910553,0,1.3149881639617584,31.859568891488678,87.93239410595434
28.530145132750317,1.4213765171538917,2,4.475338042784615,73.3756333470793,97.92518484391724
22.371661921076576,42.12955108096604,1,26.79413626805513,81.41999619511654,100.0
13.762049418880455,2.3387077643162586,0,0.000407216437814939,38.10596403091061,37.667745383723776
32.92421074886405,24.35833508854817,1,14.579803996880226,101.7731082018756,100.0
28.019784557047412,31.907723375291237,1,18.287856337995596,113.65937554802974,100.0
8.179443695105869,39.19361056857385,0,1.9122047000340303,106.18261412352052,100.0
36.61523301076601,32.13391194595925,2,34.05773570403165,88.6880371127247,100.0
33.256415231080425,36.07776373814063,2,7.914386593738517,33.295761566994486,100.0
38.092396705093115,15.275258664426273,0,10.64695518726983,33.79392505267581,74.83969482494675
29.57734131875768,36.66713011859305,2,10.637987928925957,115.60323845352455,100.0
25.309777445560016,3.6051680873103815,0,8.064583174107247,1.2341395122830434,23.56698303725247
17.893235379043517,40.26674952272374,0,0.05158377302089956,85.92599678905734,100.0
37.4436823674525,24.64165692691813,0,25.527067793079873,84.74953950663146,100.0
34.910427801015516,36.77839964831222,2,33.83959249297499,74.72274491397569,100.0
3.7183094640351975,20.354322803323505,1,7.850271914976577,118.8130615304239,100.0
3.001945030895576,28.960996283843624,0,23.206651713119786,37.42553229164703,100.0
16.305607941365885,23.688119742125096,0,25.96637144355503,40.796623655189784,100.0
32.80102656970965,32.921528478989934,1,29.694888268168366,9.472728353586666,100.0
39.51649291396789,3.673349191376531,0,14.792021895476319,53.13577638524849,77.49473150701243
7.715841861934071,2.715843779575371,2,10.602581697415022,31.32582314818177,69.11832523798905
24.576967183381136,11.11964553045659,2,11.385329690806088,41.2064042613173,95.7017266516776
16.473852551978815,7.179510605093475,1,24.94174665844795,100.14861483067531,100.0
38.85674711695492,39.23026049664907,2,28.587281327697262,112.2581416232995,100.0
34.00051907915693,9.864629431111995,0,6.356488871481093,22.287968640622275,50.37734730499167
33.85649077902324,43.91393651186091,2,12.982935285521782,44.7010717864159,100.0
19.81034007220887,15.160310629699808,1,31.56790688622025,111.43566745384729,100.0
17.763141088831276,8.195306205991468,1,28.234273189315875,7.417015282706716,72.19144257407018
12.389468733366837,35.53643282141156,0,34.47004409668666,11.083263373365423,100.0
4.14226887273523,29.641849897539426,2,26.39868908887283,19.534918704747525,100.0
34.85945029769202,22.418807240391253,0,13.76183203597728,71.42554009522497,100.0
32.89023834694295,24.991359792193407,0,20.672324189812322,18.056672520719697,89.52809471757698
39.98927158487296,32.36408002225187,0,23.13549889865621,116.16916577408801,100.0
39.8721998088084,10.280463359908442,1,2.745953571099338,53.60574327102244,84.87112558730271
23.106404812899843,44.83502622255339,1,19.057393568635277,60.18215524201997,100.0
31.221521776859397,43.86569229660524,1,24.826228996541335,29.599033896648777,100.0
37.90109773553227,29.26465588561216,2,5.8562456400371135,56.51523029216802,100.0
34.28660084574164,8.979410291811531,0,27.3221101098945,79.42963591644138,100.0
11.39922786624151,30.610270909408108,1,20.432047317993906,90.14125643448513,100.0
19.120677141783553,3.248928404062913,0,33.32776249941581,90.46416992518957,100.0
6.908057775756809,1.379362599261273,2,1.4847804372412092,69.3469335232906,85.34175598980329
38.25393903583145,11.595729983004615,2,9.286414814441343,108.52317299926287,100.0
25.03463610913344,20.818033053269232,1,21.05438577549384,98.08894167673313,100.0
10.688426609131584,39.072262743377124,1,10.379596927207574,90.84577376383506,100.0
27.524626007422555,32.72260813948386,0,25.004845742493476,6.672662601655275,97.08175907159556
25.48887313740004,33.42179345399914,1,26.565184888267584,0.8253554663579177,100.0
15.610183285247938,19.14720005016339,2,3.5880587423266057,25.493673263456756,83.59748087736341
6.315188503585903,15.567074664613331,1,17.98490624723687,79.62283126961427,100.0
27.519781432526386,16.696744334307123,0,17.811169445686957,49.3436986659055,96.22421550514044
21.771692634344145,44.444230368122604,1,12.924826957543937,48.28875111591741,100.0
31.348098885954293,1.8049136135617116,2,32.65237018993852,106.15042658755365,100.0
21.76621304225575,39.01641732551018,0,28.962721195562743,107.46754177582065,100.0
34.38289701210452,26.040393385757703,0,24.40232836683729,109.10103168643029,100.0
22.972459873430452,19.73769386353157,1,25.001432250724914,37.66536918180328,100.0
23.31564291834468,32.636594718681145,2,16.16006503345917,82.92669752871141,100.0
35.312836901017114,21.90010236411163,0,32.234808238380154,32.59598175292436,100.0
17.332348916071087,39.304045713674725,0,24.31083995386499,22.873179968933975,100.0
7.092578681124348,40.53158388050663,0,25.514337157953577,22.155894881684304,100.0
3.093741699906881,18.977441709305495,0,30.159181632557083,41.052914503631285,100.0
30.695215715597524,12.457250875577321,1,9.592505626976685,51.594914373578604,93.35159414375568
25.57176295143166,26.6557647867013,1,28.247481635334605,99.7139005266082,100.0
28.755031187770495,41.05635055275109,1,6.833421103477221,14.38693121672545,100.0
10.092638137338607,9.479798505254996,1,12.086968328571075,88.1911016873873,100.0
7.1821160722972515,28.033496260356724,0,11.746365899444495,63.77458970271664,100.0
2.552697295379513,28.420209904163425,2,34.24839139361992,34.5534411211191,100.0
15.322327234650686,32.99008600868764,1,29.97880283117744,59.13835014393895,100.0
24.416872100476056,5.920545830726692,2,24.54094515565909,35.993048373242715,100.0
16.90527371378983,32.212123410693984,1,25.446986656538655,71.52983462859672,100.0
18.624047036901704,40.906463429953845,0,19.672547804089987,52.061270742629304,100.0
36.35803039076244,8.085739899160888,1,33.14817334879817,19.728663489465447,92.902247581358
15.233707746885413,10.689449621574493,0,17.369056350882655,13.989968946683607,54.68329474473488
21.53160058807281,43.71277923187378,1,13.318119845446308,65.60348184865562,100.0
31.778814484163437,8.14396287192704,0,5.706236792605685,108.28956399433241,100.0
17.068625728208268,38.447329201631064,0,27.51719782913703,41.27492238692226,100.0
25.639294608659192,22.152503540161565,2,25.7055376226457,87.96001286671479,100.0
34.76982093237632,11.125398348142967,0,13.452426348344721,79.03936259277204,100.0
38.0817836989904,39.183745557263016,2,0.8817694885730276,111.78658971713772,100.0
7.588792275303442,20.038736475119947,0,29.364906470130375,98.5177220758969,100.0
37.21032975613679,23.166780926836058,1,0.39962942089257714,67.99263106865556,100.0
20.70041913702245,16.165501622989456,1,24.629492287016785,78.84365978809288,100.0
11.813286755360418,26.682788314571734,1,33.958998840411994,107.80637599008418,100.0
19.44715873705393,7.358574266326024,0,15.318146485187121,47.94225415043218,74.90290226147411
39.24123786084813,17.598669149329233,0,8.224069174858347,39.215364702933286,80.0317617938013
20.719487571729044,43.62355450508794,0,24.67048535151836,1.2973300362235607,100.0
14.492561190925311,11.61600447155074,0,28.59948497054548,99.18612890297571,100.0
26.06923246403558,29.55314990435815,1,19.125061062724654,96.11768404840379,100.0
11.125533513571337,14.63355289011127,2,33.84623463396512,12.534542172018167,100.0
4.882806468129229,34.80629065589703,2,1.8084052580286385,69.22288573592402,100.0
6.897429432604671,5.889314732325742,1,17.667845940658484,55.67780378002649,90.65770367674958
6.865741880395353,43.64194702853451,1,25.145888156289253,14.245091461093375,100.0
7.772302353467185,20.420529362263768,1,30.192416490221262,117.66818724728682,100.0
7.275432560677585,10.622270850590878,0,6.2739464167726515,25.763506495602652,47.581427039401376
26.353240302522156,3.3073536298505695,2,28.00012186172885,8.068101610867338,78.73471559233283
8.911443207167503,7.639105728939334,1,19.344747650149085,71.38168554022914,100.0
15.135356766306803,23.389827685020794,1,13.879378869648713,88.66400125596392,100.0
36.07795957642845,15.165142939407884,0,4.610026000268275,3.8932135256624356,42.39132321803843
20.01054232998915,37.299751464717424,0,30.285351561811936,79.04611664724266,100.0
27.367194063799033,19.389938564781268,1,5.504562286290037,63.875025114174534,100.0
8.548155105661934,11.192142266443346,2,10.842575072318473,12.39180106500581,68.0532548487435
9.30698271472949,27.771524397181352,1,10.15159361868529,20.702865233563447,88.52054860531416
3.553007418126197,31.804974759845063,0,30.499491196679898,68.15691567792966,100.0
8.419532396742252,7.516885855542744,2,23.54460479731143,35.5629136215946,97.19021760183449
12.586432883214428,7.542864732974294,0,27.88384890169803,112.59788743815793,100.0
8.726398402516379,1.6502142120094336,0,8.766376457737465,98.24882753808609,94.81729376537177
5.3706962827681135,33.13809067795383,0,21.87059348624496,118.02806478163956,100.0
6.584163101822831,29.87120374298123,1,20.011109410031203,31.16050067404968,100.0
19.50959318524358,21.358389408741626,2,29.149063187589487,116.36683593575724,100.0
9.840681299420115,37.987670203613874,0,31.71304711684412,51.748064374986946,100.0
15.842254719826867,36.255156882752395,2,0.42548700170853826,41.70225543765056,100.0
21.12985629248456,26.34094639785385,0,23.590697167057744,6.041943236322389,82.92943921592027
28.235003487915883,39.07220762309664,2,1.8142529691905156,6.3318309431523145,100.0
3.4938613139617596,9.26285445165457,1,19.21005327770746,83.04135071359856,100.0
32.37759515854362,5.036382872897755,2,10.067145516528736,54.95147933208335,97.20108402342635
25.860214800654497,12.138732518264533,0,10.737180983274943,27.182595124332686,61.59143710711045
5.1068432140571325,2.5689085240191685,2,12.35354762083248,73.67643675902792,100.0
35.19598771605754,23.90262876004644,1,21.745235716736353,30.34297419001334,100.0
36.9931512202089,42.14725615327327,0,11.691748798406923,69.31581052133072,100.0
4.320962474484823,1.770459330082934,2,25.644466770659815,43.10504963792284,95.73482205894993
12.52135062959374,5.494946130451206,0,14.158458495085439,98.82626719341829,100.0
32.63564863213633,20.348956272754588,2,2.3923620108485517,98.48353929201352,100.0
30.433868234579016,42.02437578875572,0,27.43159448694375,57.28204777468816,100.0
9.011798735542339,14.227024723953773,1,10.00154136074471,42.09829312020187,83.69682750734125
9.955274286794992,22.82556639097766,1,15.146840785974192,43.507175587091346,100.0
16.077939906072515,1.8707786572676444,0,23.990535912766553,96.68574308018614,100.0
20.411873437258812,6.675444043293998,0,11.63596550020492,39.38153793571344,62.41566432742225
25.493681318151246,44.39835553314811,0,1.9804979651350467,25.087124844821524,100.0
16.01871830365135,43.430341339622046,1,13.087236645448476,10.16260102503682,100.0
19.57631921305962,0.2222991420484327,0,33.05570039430062,56.00317450612901,93.02470854803641
30.40389564908275,42.83153034404575,1,22.460703905449538,57.855851870381024,100.0
3.39396170984272,28.760397201697515,0,23.501770203352244,100.90904524834886,100.0
11.592603885072789,39.056323253401,0,22.129875377317394,26.548643573527677,100.0
29.107284263612993,20.46329350352366,1,6.964724863580288,45.71895284020799,97.64739526636187
36.01785983211357,23.20182128606626,0,14.641685243579804,97.00868866724291,100.0
21.443742800395313,21.99809611156141,2,26.28289294271614,98.83483328987683,100.0
22.220312440081994,30.008891589574695,2,3.54805141436057,46.15332911745219,100.0
6.07253643091149,6.28430646403408,1,9.724847163139929,55.094882794401705,80.29123199778567
19.001669939291276,1.3488115442705078,1,9.671168796304876,36.39430690191395,60.59648091238313
22.23945612529088,13.85684737160359,2,15.12066246580771,111.90658541031745,100.0
11.213879138119728,31.7106343231491,0,34.31290593297648,14.237251888989636,100.0
12.231242776076476,9.083405345532677,0,2.362589133933768,112.04993076017641,100.0
16.33679819797566,30.30445949962128,0,18.154534803320825,82.06397422024119,100.0
2.762705515553602,43.64604207482717,1,6.277763870427366,63.78865832240774,100.0
14.239008292160776,4.225532210523827,0,33.97367908934105,3.919087294139505,57.621656261333285
10.035024265868696,30.267095320130682,1,3.9656226654612468,57.071543018640995,100.0
14.444899382760756,19.968759868705703,2,14.126035082655694,48.92977260032787,100.0
6.550961009131546,39.06640144698774,2,25.825974469211218,19.346257437014707,100.0
35.84003666811601,7.971740525132366,1,24.659404980960584,78.76915242007883,100.0
24.55651323505385,31.168167850177404,0,14.79550229128763,116.5381088841943,100.0
27.805888127490604,37.71518803416496,2,12.128345878345138,67.46265732774302,100.0
31.988507067078856,42.50763987633105,1,13.91643324935047,85.7703931732735,100.0
20.940803559304175,30.746161273034062,0,9.249669210552375,8.214054307922014,73.02487234673623
5.3029709473221,22.37286438037923,0,7.186652854737993,50.12003949803937,86.56100605502817
22.410048589104814,27.803125809054624,2,16.90638941456115,13.963018219739505,100.0
24.299962484793408,39.10072430154232,1,9.398681462366255,73.53550026438126,100.0
30.32670001900454,25.677438598747337,2,10.061158271403754,112.61785898569855,100.0
18.403062756727817,1.3674176863576588,2,22.986462221609496,79.41332789659663,100.0
6.848051506231423,41.892691297814004,1,33.898806609496226,9.216365797730584,100.0
12.78348442035153,31.028703796420253,1,21.127302019578128,42.55994459820994,100.0
15.797127263148134,30.443102359976095,0,2.6942813472738196,66.07960553290218,100.0
26.544855170600847,9.705381857897272,0,2.645426484892344,48.38493073599027,64.31182378443812
23.68957557741865,29.649846160469576,0,33.299812729594805,100.03728125702068,100.0
15.531675584118158,17.72389825443713,1,10.405177660756678,97.7605205651987,100.0
39.487579454133225,29.305483966867143,1,3.2223445128866404,73.41972241238658,100.0
25.019443135561712,4.796686363859583,2,20.966560550263356,44.81495341592463,100.0
11.01461808596779,29.603038707136623,0,21.827707240159313,30.640364851589297,100.0
5.867733959575342,44.973617659679995,1,22.697668704154086,12.704918185575519,100.0
7.808647289004617,2.1695417487250213,1,9.359070975013946,42.587722018386486,63.66039850243851
11.346393678611308,43.97283828995928,1,0.5288739475066262,49.58070206492634,100.0
8.105892183863116,18.310858232529178,1,33.775537930906516,81.09875101248883,100.0
9.089546913949619,39.18390526517666,0,8.781256599188588,78.97917891570881,100.0
12.83361641036619,35.2073467826223,1,23.660920081839162,8.412976756950833,100.0
8.588196621200684,25.51573174440005,0,24.732045445754835,47.43111785173893,100.0
36.07708613580416,33.23021441630969,0,21.350259597782,21.81346406608343,100.0
5.0488823351424035,39.533200258560655,1,10.951758797477687,18.817524638016682,100.0
21.93143280366968,18.186314474296484,1,9.488368881742302,99.27625796846951,100.0
17.59507942560714,14.716492270345741,2,20.918389894594608,5.029826005950904,83.16292515668869
39.33038744252704,30.041702350361312,1,30.313347176409202,50.30194510825456,100.0
6.257478282385989,36.35306738735664,1,33.13568051231884,20.184438691982184,100.0
17.11851276373818,34.30283106494771,1,3.706703154131517,105.51962588141689,100.0
38.83987646446402,35.901614198638555,1,5.419001440920194,66.84486159300421,100.0
34.88927078397125,19.601249166581987,0,33.065769057407785,27.765676365221765,100.0
33.04873869607263,36.802539727875974,0,25.77873299171774,60.291274459965166,100.0
11.800307427707713,5.4094074916773796,0,30.904783869042056,87.7783631643739,100.0
8.493728320822502,24.50200940823823,1,7.0921421947370105,114.97416107033206,100.0
27.40844235712838,0.2591397224154707,0,20.565505488829064,26.45352050945027,55.16470768818485
37.31628758684826,14.606362345512164,0,24.53988580461158,106.34181265552141,100.0
23.15698993452933,16.490769069212906,0,23.803915990644043,112.11649370009883,100.0
23.721282199856194,17.827771122416493,2,14.285309180334433,109.97046534384795,100.0
12.639205559090799,31.296024301043797,0,0.5388212091957967,76.24972282342918,100.0
31.240731461293603,17.48511455716556,1,20.40241198814921,75.57847853216492,100.0
9.107662445185888,20.19121301801388,0,8.858553871286306,48.38527598205873,84.80719725843787
14.29981098336126,10.689485889344736,1,15.758898615001161,90.28774587645455,100.0
18.166584667423837,16.796330623320305,0,33.51533552793361,63.75528220211183,100.0
21.289194390009293,10.227133226841817,0,13.966236117485215,81.29256854739533,100.0
11.21156983177305,3.2938165695799637,1,29.393056233254935,51.41494846185545,99.41593084198698
6.363799340089734,27.155186702162005,0,6.5989212012237894,87.77957568517668,100.0
25.20356161278204,30.06957593497573,0,23.536117430876008,98.93658211254589,100.0
12.96796102312972,27.877065570432652,0,34.19524340536302,17.572350792337936,100.0
24.087052414059265,20.857231971025755,0,3.566258530552788,99.95156586890737,100.0
7.865783180419688,17.09036010806534,0,0.2911979779517204,64.83558381483687,81.5580463912162
20.283323870483063,38.850014230732135,0,15.175397742141502,101.35990909082692,100.0
22.238398436960264,23.35868033112981,2,3.2418919067978518,51.756204760921754,100.0
3.9692943992522225,21.563184493337893,1,26.193452238668097,45.484858245964205,100.0
14.790962571368983,1.153892961289606,1,32.00920323469956,109.80728790206669,100.0
7.107757723681021,15.356152243177036,0,15.19073404480656,30.140312105808157,70.20698696289857
4.408248877965175,17.108802845363567,2,9.054907475440434,101.30547903433717,100.0
39.61848883081792,17.947025140360523,0,15.204116165231342,58.08246870112849,100.0
14.249446109039473,26.107756615229953,0,25.320673624750036,61.691453106151165,100.0
32.775228942476126,24.01211460270953,1,0.31689565531298425,37.016193778738085,88.63810997485163
11.676344881023027,27.355729175705008,0,20.6308896319644,68.76506407428188,100.0
27.897103444509312,34.41974676939577,0,21.465208971058267,39.025343553145355,100.0
30.888658675808088,36.584358242224205,1,22.319088641357745,4.712329708998277,100.0
24.634272143098084,32.31553843019225,2,8.470772799330703,32.63983264132273,100.0
19.919895164906016,42.99856631797206,1,24.991845318234436,0.7654852087908814,100.0
17.649954737596204,0.8204662204362734,1,3.198702021612174,117.4025744468228,100.0
15.25699412863382,8.810009355759574,2,6.974461776338028,115.8896651783697,100.0
37.32210748141738,0.3403293740163954,0,30.71145163290687,47.4186356966766,87.7348495489008
33.56353749593371,29.136362136957136,0,25.855310275429822,87.40450252075752,100.0
38.67102260532748,40.41137470274941,0,0.4810943903970838,41.496731809250996,100.0
6.7232944924507,10.956703345933468,0,8.693169112943007,80.53117885031713,94.93761190368585
29.77296405773848,41.7165545158338,0,7.50422690476076,96.6516051655175,100.0
37.65693735919944,2.712032563030238,2,9.47822148129404,113.61074936306889,100.0
8.886856514295086,42.04962120624814,1,8.664591959796024,48.02547310196064,100.0
4.526858159937545,15.823020925783549,1,2.1884203509996007,93.99575795472572,100.0
30.162584673022245,4.563937280214743,0,16.06291808088871,31.911414075854253,61.253870582437884
23.82997830083665,21.864229163384653,2,25.64567161751578,118.8398764552378,100.0
33.989493516814335,11.554945547422857,2,21.235610365110276,3.092351851722137,81.06546121110122
7.311350311799001,12.819280588286528,2,23.55050840093279,72.42345678013452,100.0
32.22015785067583,13.828048421682896,0,2.8402212487683705,79.14071779815926,97.18477879928788
9.661838161814291,36.13616540246986,1,33.302174856187555,82.56546684889545,100.0
8.218925828896772,24.262257450386453,0,29.34721418450587,14.44650945469068,90.58292938145269
8.242100321377732,14.008846462020164,0,28.178161147348195,112.62357401677565,100.0
32.953839368792515,27.465020248991326,0,28.804433176461863,21.741993486009935,100.0
27.277494386455604,32.22678034004371,1,32.64486778464665,74.73040838878093,100.0
21.876486141226536,12.268080033009019,1,19.04888881397942,26.721129494770196,83.23850864211047
15.635558396693094,18.609709568640817,0,7.009870625366906,36.865970042552505,72.29003275601757
35.33362055089812,5.48487420016264,0,21.58742627483894,65.57502500737492,98.13287802117532
16.912914082060144,8.151720729060614,1,26.000852278377863,50.06321022774918,100.0
33.03077869991993,30.650303428424227,0,25.82710876739089,19.227072117180754,100.0
18.6871265256683,8.164725646303213,0,18.250715845840805,20.512368290501794,57.871167897496704
16.323888318146487,23.63235226501771,0,2.396055176675232,50.17737457953596,85.14950709687153
19.581831855445046,31.90708177750947,1,12.988952845054474,90.87395739306008,100.0
13.4523592182374,4.809461539263473,0,32.226831296217505,107.75575762173463,100.0
30.409156446697544,25.529049883300658,0,20.45571184150991,10.09531947112594,83.11744989581908
21.10337482351421,11.545325266561369,0,18.84161801394997,47.17246890712813,85.98044267621421
10.824082415579058,43.33170938569109,2,9.409873003376774,12.029467646745196,100.0
36.1838337844336,21.759554102396613,1,12.895712197080261,1.991097675911746,74.21854900687671
16.587866412182034,36.26966473988212,1,31.337113120360925,79.4062419172748,100.0
22.655008722331566,24.76019439703178,0,23.32620666343925,72.29393303599053,100.0
36.44594021665279,1.9535639784668624,1,27.55854593633165,19.562293657786345,75.7131320631704
25.7210438447317,28.491811901731005,0,15.902089807367929,28.057539971167692,95.13590873046499
6.4421255469178345,42.813150399299566,1,22.058652680965526,2.8449304373422057,100.0
37.71362069731205,27.072531906584903,2,8.693426306012263,100.19366468332845,100.0
25.852906016713877,36.86349867420556,1,24.69112905992202,116.96287152582617,100.0
14.726413356969273,39.78929085067835,2,14.966046679616806,16.255144415362896,100.0
7.292338761208716,10.263589737701961,1,15.489093018516096,27.777025651835775,72.60226971616487
32.17295719227125,9.5420177958702,0,22.726281360190857,104.20914287363209,100.0
25.562764725283515,27.494144498294627,2,32.76982175141243,111.17565575474218,100.0
22.271521495100217,18.49628114130171,0,2.2402221313017323,50.35528593681724,78.35844772000384
35.96791815593639,37.79375862900242,1,28.866013307145266,6.074696672288895,100.0
31.966694026532167,40.5010405529105,0,10.233408864426758,4.727020043138328,89.87838594955528
7.763645429844544,15.903962068622315,0,15.537180907723224,68.87398392828125,100.0
13.845438576230833,10.659175153851693,0,0.7669665071253134,47.14741306718148,59.23102680322852
11.442587312949698,35.123648185973785,0,10.536612724200957,3.438291309318542,75.50671351471158
30.269959117761726,12.366271599666124,1,17.592093492054566,69.9902870775068,100.0
3.2742325199596163,37.01764433311553,1,1.9661627071603656,1.3563043906826966,75.68784409482936
23.655808025110026,19.068221414194326,0,17.18835052841078,94.48463497791276,100.0
30.973430058146242,30.03974546811617,0,32.44887201004496,36.77193872440459,100.0
35.31709419694648,4.299089122560068,1,3.688762633773183,4.830960361107852,36.36797585812415
14.999106451204483,28.073669610445787,0,26.75542548264265,70.60226651797839,100.0
33.20777757753649,20.32954554317531,1,14.338486868159743,47.72212973196656,100.0
6.204006004297875,26.397380842896336,1,22.93108000835183,116.85604960285794,100.0
34.16518708591169,7.560639348518854,2,9.108280929483028,65.30383950044427,100.0
6.844569168615331,33.15931852248819,1,5.58222918894754,33.02870172444099,100.0
17.096917041293956,38.825868489445284,0,5.616191499492925,85.13266375607697,100.0
32.297223899623035,9.753291004084904,1,2.4672180975100626,32.57904030512536,64.95018735230498
7.696862239253404,4.3071549984072774,0,6.497634671543506,108.5091949689078,100.0
10.711553018840377,1.0637363720851378,0,23.24767847461389,44.96663646088517,70.5751576357525
29.44559759893652,28.88871751994697,1,30.85917141452278,65.98422753314463,100.0
29.361388388750825,27.319231623995133,0,28.494398995690663,6.068772458907463,92.94885435710376
26.3636100496413,24.60138357213315,1,23.979700845606942,51.134548554267695,100.0
28.370040889749802,10.437619325218893,2,3.8651152193885934,99.88362475931939,100.0
22.623528847208654,17.59076981574816,2,10.121560620358244,96.67785664360103,100.0
11.568364238464206,26.751435083377785,2,10.843240636286414,26.91822706242315,100.0
15.13644775314894,22.354508648662623,0,8.748493123916743,27.129488521267522,72.62795765425321
8.900713238454175,44.45034840966993,0,18.02519808984031,98.07663746558842,100.0
36.52112133067788,6.13978886505299,1,18.74438352078854,111.64781042031906,100.0
24.168888201112576,31.281504932141722,0,12.491009130988857,11.443310552760426,81.48559025419875
17.232353837018316,18.194344564693147,1,12.38262055577526,54.00703673114703,100.0
19.556220538477042,19.268982671652665,1,28.99944592671285,40.49451347570748,100.0
37.99676690524898,32.29189945461793,1,27.625249691188998,104.48261465489271,100.0
7.827353318411047,31.159626809596634,0,10.772854108826097,10.022989761602252,73.83534337571311
24.276733616638296,44.60651971659848,0,31.982595535564077,25.33511310696449,100.0
21.22376979760971,5.777743025435635,0,33.348525595087715,90.29620051037932,100.0
25.235260946516618,4.6849342222874855,0,11.43598897105143,6.15526187774587,33.59570515685269
2.6881869851919395,32.59524677079335,2,12.40487320775692,59.10424568571471,100.0
35.14070853987776,26.02741126528841,0,17.697195369768558,53.0528441615664,100.0
37.42049473437727,12.337229995191263,0,32.939228438678576,40.12814147864984,100.0
23.47506097638994,3.5738716045043972,0,30.671180159980903,47.34867783827085,89.33843628989638
28.472731307321904,3.854621231839374,1,3.589878690425643,63.59287043162795,80.82671544062917
37.05497648473724,40.238589359885324,1,13.745576014499568,19.364083006605973,100.0
